Date,Pays,Chaîne,Nom de la série,Saison,Épisode,URL
01-10-2023,tvN,Etats-Unis,Arthdal Chronicles,2,08,https://www.spin-off.frepisode08-411009-01102023-saison2-Arthdal-Chronicles.html
01-10-2023,Netflix,Etats-Unis,Behind Your Touch,1,16,https://www.spin-off.frepisode16-408686-01102023-saison1-Behind-Your-Touch.html
01-10-2023,Fox,Espagne,Bob's Burgers,14,01,https://www.spin-off.frepisode01-408094-01102023-saison14-Bob-s-Burgers.html
01-10-2023,ATRESplayer,Etats-Unis,Entre Tierras,1,04,https://www.spin-off.frepisode04-410970-01102023-saison1-Entre-Tierras.html
01-10-2023,Fox,Canada,Family Guy,22,01,https://www.spin-off.frepisode01-408096-01102023-saison22-Family-Guy.html
01-10-2023,CBC,Etats-Unis,Heartland (CA),17,01,https://www.spin-off.frepisode01-410271-01102023-saison17-Heartland-(CA).html
01-10-2023,Fox,Etats-Unis,Krapopolis,1,03,https://www.spin-off.frepisode03-408093-01102023-saison1-Krapopolis.html
01-10-2023,HBO,France,Last Week Tonight With John Oliver,10,11,https://www.spin-off.frepisode11-410868-01102023-saison10-Last-Week-Tonight-With-John-Oliver.html
01-10-2023,TMC,Canada,Les Mystères de l'amour,33,08,https://www.spin-off.frepisode08-410185-01102023-saison33-Les-Mysteres-de-l-amour.html
01-10-2023,CBC Gem,Etats-Unis,SkyMed,2,01,https://www.spin-off.frepisode01-410144-01102023-saison2-SkyMed.html
01-10-2023,Fox,Etats-Unis,The Simpsons,35,01,https://www.spin-off.frepisode01-408095-01102023-saison35-The-Simpsons.html
01-10-2023,Disney Channel,Etats-Unis,The Villains of Valley View,2,15,https://www.spin-off.frepisode15-410803-01102023-saison2-The-Villains-of-Valley-View.html
01-10-2023,AMC,Etats-Unis,The Walking Dead: Daryl Dixon,1,04,https://www.spin-off.frepisode04-409847-01102023-saison1-The-Walking-Dead-Daryl-Dixon.html
01-10-2023,Hallmark Channel,Canada,When Calls the Heart,10,10,https://www.spin-off.frepisode10-407539-01102023-saison10-When-Calls-the-Heart.html
02-10-2023,Radio Canada,France,5è Rang,6,04,https://www.spin-off.frepisode04-410913-02102023-saison6-5e-Rang.html
02-10-2023,Canal+,France,66-5,1,05,https://www.spin-off.frepisode05-410553-02102023-saison1-66-5.html
02-10-2023,Canal+,Canada,66-5,1,06,https://www.spin-off.frepisode06-410554-02102023-saison1-66-5.html
02-10-2023,TVA,Etats-Unis,Alertes,3,16,https://www.spin-off.frepisode16-410912-02102023-saison3-Alertes.html
02-10-2023,TBS (US),France,American Dad!,19,14,https://www.spin-off.frepisode14-410594-02102023-saison19-American-Dad.html
02-10-2023,TF1,Allemagne,Demain nous appartient,7,31,https://www.spin-off.frepisode31-410920-02102023-saison7-Demain-nous-appartient.html
02-10-2023,ZDF,France,Familie Bundschuh,1,08,https://www.spin-off.frepisode08-409953-02102023-saison1-Familie-Bundschuh.html
02-10-2023,TF1,France,Ici tout commence,4,26,https://www.spin-off.frepisode26-410915-02102023-saison4-Ici-tout-commence.html
02-10-2023,France 2,France,Infiltré(e),1,03,https://www.spin-off.frepisode03-410718-02102023-saison1-Infiltre(e).html
02-10-2023,France 2,Suède,Infiltré(e),1,04,https://www.spin-off.frepisode04-410719-02102023-saison1-Infiltre(e).html
02-10-2023,Discovery +,Canada,Kamikaze (NOR),1,03,https://www.spin-off.frepisode03-410738-02102023-saison1-Kamikaze-(NOR).html
02-10-2023,Citytv,France,Murdoch Mysteries,17,01,https://www.spin-off.frepisode01-410145-02102023-saison17-Murdoch-Mysteries.html
02-10-2023,Canal+,France,Narvalo,3,03,https://www.spin-off.frepisode03-410627-02102023-saison3-Narvalo.html
02-10-2023,Canal+,Corée du Sud,Narvalo,3,04,https://www.spin-off.frepisode04-410628-02102023-saison3-Narvalo.html
02-10-2023,KBS2,Allemagne,Pure Boxer,1,13,https://www.spin-off.frepisode13-409147-02102023-saison1-Pure-Boxer.html
02-10-2023,ZDF,Etats-Unis,SOKO Potsdam,6,02,https://www.spin-off.frepisode02-410907-02102023-saison6-SOKO-Potsdam.html
02-10-2023,NBC,Royaume-Uni,The Irrational,1,02,https://www.spin-off.frepisode02-409167-02102023-saison1-The-Irrational.html
02-10-2023,ITVX,Royaume-Uni,The Long Shadow,1,02,https://www.spin-off.frepisode02-410620-02102023-saison1-The-Long-Shadow.html
02-10-2023,ITVX,Royaume-Uni,The Long Shadow,1,03,https://www.spin-off.frepisode03-410816-02102023-saison1-The-Long-Shadow.html
02-10-2023,ITVX,Royaume-Uni,The Long Shadow,1,04,https://www.spin-off.frepisode04-410897-02102023-saison1-The-Long-Shadow.html
02-10-2023,ITVX,Royaume-Uni,The Long Shadow,1,05,https://www.spin-off.frepisode05-410898-02102023-saison1-The-Long-Shadow.html
02-10-2023,ITVX,Royaume-Uni,The Long Shadow,1,06,https://www.spin-off.frepisode06-410899-02102023-saison1-The-Long-Shadow.html
02-10-2023,ITVX,France,The Long Shadow,1,07,https://www.spin-off.frepisode07-410900-02102023-saison1-The-Long-Shadow.html
02-10-2023,France 2,Etats-Unis,Un Si Grand Soleil,6,23,https://www.spin-off.frepisode23-410925-02102023-saison6-Un-Si-Grand-Soleil.html
02-10-2023,Showtime,Etats-Unis,Ví?az,1,05,https://www.spin-off.frepisode05-410696-02102023-saison1-Viaz.html
03-10-2023,Disney+,France,Ahsoka,1,08,https://www.spin-off.frepisode08-406770-03102023-saison1-Ahsoka.html
03-10-2023,France 3,Canada,Alexandra Ehle,4,01,https://www.spin-off.frepisode01-410257-03102023-saison4-Alexandra-Ehle.html
03-10-2023,Radio Canada,Canada,À coeur battant,2,04,https://www.spin-off.frepisode04-410929-03102023-saison2-A-coeur-battant.html
03-10-2023,Noovo.ca,France,Club Soly,3,04,https://www.spin-off.frepisode04-410931-03102023-saison3-Club-Soly.html
03-10-2023,TF1,Etats-Unis,Demain nous appartient,7,32,https://www.spin-off.frepisode32-410921-03102023-saison7-Demain-nous-appartient.html
03-10-2023,NBC,France,Found,1,01,https://www.spin-off.frepisode01-408424-03102023-saison1-Found.html
03-10-2023,TF1,Etats-Unis,Ici tout commence,4,27,https://www.spin-off.frepisode27-410916-03102023-saison4-Ici-tout-commence.html
03-10-2023,Hulu,France,Only Murders in The Building,3,10,https://www.spin-off.frepisode10-406259-03102023-saison3-Only-Murders-in-The-Building.html
03-10-2023,France 2,Canada,Un Si Grand Soleil,6,24,https://www.spin-off.frepisode24-410926-03102023-saison6-Un-Si-Grand-Soleil.html
04-10-2023,Noovo.ca,Etats-Unis,Aller simple,2,04,https://www.spin-off.frepisode04-410649-04102023-saison2-Aller-simple.html
04-10-2023,FX,Etats-Unis,American Horror Story,12,03,https://www.spin-off.frepisode03-410183-04102023-saison12-American-Horror-Story.html
04-10-2023,FXX,Etats-Unis,Archer (2009),14,07,https://www.spin-off.frepisode07-408904-04102023-saison14-Archer-(2009).html
04-10-2023,BET,Etats-Unis,Assisted Living,4,20,https://www.spin-off.frepisode20-410621-04102023-saison4-Assisted-Living.html
04-10-2023,BET,Etats-Unis,Assisted Living,4,21,https://www.spin-off.frepisode21-410622-04102023-saison4-Assisted-Living.html
04-10-2023,BET,Canada,Assisted Living,4,22,https://www.spin-off.frepisode22-410623-04102023-saison4-Assisted-Living.html
04-10-2023,CBC,Canada,Bones of Crows,1,03,https://www.spin-off.frepisode03-410642-04102023-saison1-Bones-of-Crows.html
04-10-2023,CTV,Etats-Unis,Children Ruin Everything,3,02,https://www.spin-off.frepisode02-410794-04102023-saison3-Children-Ruin-Everything.html
04-10-2023,Syfy,France,Chucky,3,01,https://www.spin-off.frepisode01-409037-04102023-saison3-Chucky.html
04-10-2023,TF1,Etats-Unis,Demain nous appartient,7,33,https://www.spin-off.frepisode33-410922-04102023-saison7-Demain-nous-appartient.html
04-10-2023,Disney+,Etats-Unis,Hans River Police,1,07,https://www.spin-off.frepisode07-409972-04102023-saison1-Hans-River-Police.html
04-10-2023,Disney+,Canada,Hans River Police,1,08,https://www.spin-off.frepisode08-409973-04102023-saison1-Hans-River-Police.html
04-10-2023,Citytv,France,Hudson & Rex,6,01,https://www.spin-off.frepisode01-410258-04102023-saison6-Hudson--Rex.html
04-10-2023,TF1,Etats-Unis,Ici tout commence,4,28,https://www.spin-off.frepisode28-410917-04102023-saison4-Ici-tout-commence.html
04-10-2023,Apple TV+,Etats-Unis,Invasion (2021),2,07,https://www.spin-off.frepisode07-407971-04102023-saison2-Invasion-(2021).html
04-10-2023,NBC,Etats-Unis,Magnum P.I. (2018),5,11,https://www.spin-off.frepisode11-409152-04102023-saison5-Magnum-PI-(2018).html
04-10-2023,NBC,Australie,Quantum Leap (2022),2,01,https://www.spin-off.frepisode01-408633-04102023-saison2-Quantum-Leap-(2022).html
04-10-2023,Seven,Canada,RFDS,2,08,https://www.spin-off.frepisode08-410739-04102023-saison2-RFDS.html
04-10-2023,Global,Etats-Unis,Robyn Hood,1,02,https://www.spin-off.frepisode02-410949-04102023-saison1-Robyn-Hood.html
04-10-2023,Syfy,Etats-Unis,SurrealEstate,2,01,https://www.spin-off.frepisode01-409249-04102023-saison2-SurrealEstate.html
04-10-2023,Apple TV+,Etats-Unis,The Morning Show,3,05,https://www.spin-off.frepisode05-407700-04102023-saison3-The-Morning-Show.html
04-10-2023,Disney+,Etats-Unis,The Worst of Evil,1,04,https://www.spin-off.frepisode04-410766-04102023-saison1-The-Worst-of-Evil.html
04-10-2023,Disney+,France,The Worst of Evil,1,05,https://www.spin-off.frepisode05-410767-04102023-saison1-The-Worst-of-Evil.html
04-10-2023,France 2,Etats-Unis,Un Si Grand Soleil,6,25,https://www.spin-off.frepisode25-410927-04102023-saison6-Un-Si-Grand-Soleil.html
04-10-2023,Nickelodeon,Royaume-Uni,Young Dylan,4,05,https://www.spin-off.frepisode05-410578-04102023-saison4-Young-Dylan.html
05-10-2023,Channel 5,Etats-Unis,All Creatures Great and Small (2020),4,01,https://www.spin-off.frepisode01-410607-05102023-saison4-All-Creatures-Great-and-Small-(2020).html
05-10-2023,ALLBLK,France,À La Carte,2,04,https://www.spin-off.frepisode04-410517-05102023-saison2-A-La-Carte.html
05-10-2023,TF1,Etats-Unis,Demain nous appartient,7,34,https://www.spin-off.frepisode34-410923-05102023-saison7-Demain-nous-appartient.html
05-10-2023,Netflix,Etats-Unis,Everything Now,1,01,https://www.spin-off.frepisode01-410218-05102023-saison1-Everything-Now.html
05-10-2023,Netflix,Etats-Unis,Everything Now,1,02,https://www.spin-off.frepisode02-410890-05102023-saison1-Everything-Now.html
05-10-2023,Netflix,Etats-Unis,Everything Now,1,03,https://www.spin-off.frepisode03-410891-05102023-saison1-Everything-Now.html
05-10-2023,Netflix,Etats-Unis,Everything Now,1,04,https://www.spin-off.frepisode04-410892-05102023-saison1-Everything-Now.html
05-10-2023,Netflix,Etats-Unis,Everything Now,1,05,https://www.spin-off.frepisode05-410893-05102023-saison1-Everything-Now.html
05-10-2023,Netflix,Etats-Unis,Everything Now,1,06,https://www.spin-off.frepisode06-410894-05102023-saison1-Everything-Now.html
05-10-2023,Netflix,Etats-Unis,Everything Now,1,07,https://www.spin-off.frepisode07-410895-05102023-saison1-Everything-Now.html
05-10-2023,Netflix,France,Everything Now,1,08,https://www.spin-off.frepisode08-410896-05102023-saison1-Everything-Now.html
05-10-2023,TF1,Canada,Ici tout commence,4,29,https://www.spin-off.frepisode29-410918-05102023-saison4-Ici-tout-commence.html
05-10-2023,Club illico ,Canada,Les révoltés,1,05,https://www.spin-off.frepisode05-411201-05102023-saison1-Les-revoltes.html
05-10-2023,Club illico ,Etats-Unis,Les révoltés,1,06,https://www.spin-off.frepisode06-411202-05102023-saison1-Les-revoltes.html
05-10-2023,Disney+,Etats-Unis,Loki,2,01,https://www.spin-off.frepisode01-410901-05102023-saison2-Loki.html
05-10-2023,Netflix,Etats-Unis,Lupin,3,01,https://www.spin-off.frepisode01-404379-05102023-saison3-Lupin.html
05-10-2023,Netflix,Etats-Unis,Lupin,3,02,https://www.spin-off.frepisode02-404380-05102023-saison3-Lupin.html
05-10-2023,Netflix,Etats-Unis,Lupin,3,03,https://www.spin-off.frepisode03-404381-05102023-saison3-Lupin.html
05-10-2023,Netflix,Etats-Unis,Lupin,3,04,https://www.spin-off.frepisode04-404382-05102023-saison3-Lupin.html
05-10-2023,Netflix,Etats-Unis,Lupin,3,05,https://www.spin-off.frepisode05-404383-05102023-saison3-Lupin.html
05-10-2023,Netflix,Etats-Unis,Lupin,3,06,https://www.spin-off.frepisode06-404384-05102023-saison3-Lupin.html
05-10-2023,Netflix,Etats-Unis,Lupin,3,07,https://www.spin-off.frepisode07-404385-05102023-saison3-Lupin.html
05-10-2023,HBO Max,Etats-Unis,Our Flag Means Death,2,01,https://www.spin-off.frepisode01-409662-05102023-saison2-Our-Flag-Means-Death.html
05-10-2023,HBO Max,Etats-Unis,Our Flag Means Death,2,02,https://www.spin-off.frepisode02-409663-05102023-saison2-Our-Flag-Means-Death.html
05-10-2023,HBO Max,France,Our Flag Means Death,2,03,https://www.spin-off.frepisode03-409664-05102023-saison2-Our-Flag-Means-Death.html
05-10-2023,OCS,France,Rictus,1,07,https://www.spin-off.frepisode07-409050-05102023-saison1-Rictus.html
05-10-2023,OCS,France,Rictus,1,08,https://www.spin-off.frepisode08-409051-05102023-saison1-Rictus.html
05-10-2023,OCS,France,Rictus,1,09,https://www.spin-off.frepisode09-409052-05102023-saison1-Rictus.html
05-10-2023,Arte,France,Sous contrôle,1,01,https://www.spin-off.frepisode01-408741-05102023-saison1-Sous-controle.html
05-10-2023,Arte,France,Sous contrôle,1,02,https://www.spin-off.frepisode02-411048-05102023-saison1-Sous-controle.html
05-10-2023,Arte,France,Sous contrôle,1,03,https://www.spin-off.frepisode03-411049-05102023-saison1-Sous-controle.html
05-10-2023,Arte,France,Sous contrôle,1,04,https://www.spin-off.frepisode04-411050-05102023-saison1-Sous-controle.html
05-10-2023,Arte,France,Sous contrôle,1,05,https://www.spin-off.frepisode05-411051-05102023-saison1-Sous-controle.html
05-10-2023,Arte,Etats-Unis,Sous contrôle,1,06,https://www.spin-off.frepisode06-411052-05102023-saison1-Sous-controle.html
05-10-2023,Paramount+,Etats-Unis,Star Trek: Lower Decks,4,06,https://www.spin-off.frepisode06-409760-05102023-saison4-Star-Trek-Lower-Decks.html
05-10-2023,truTV,Etats-Unis,Tacoma FD,4,12,https://www.spin-off.frepisode12-410643-05102023-saison4-Tacoma-FD.html
05-10-2023,truTV,Etats-Unis,Tacoma FD,4,13,https://www.spin-off.frepisode13-410644-05102023-saison4-Tacoma-FD.html
05-10-2023,HBO Max,Etats-Unis,Young Love,1,09,https://www.spin-off.frepisode09-410862-05102023-saison1-Young-Love.html
05-10-2023,HBO Max,Etats-Unis,Young Love,1,10,https://www.spin-off.frepisode10-410863-05102023-saison1-Young-Love.html
05-10-2023,HBO Max,Etats-Unis,Young Love,1,11,https://www.spin-off.frepisode11-410864-05102023-saison1-Young-Love.html
05-10-2023,HBO Max,Etats-Unis,Young Love,1,12,https://www.spin-off.frepisode12-410865-05102023-saison1-Young-Love.html
06-10-2023,Showtime,France,Billions,7,09,https://www.spin-off.frepisode09-409168-06102023-saison7-Billions.html
06-10-2023,TF1,Suède,Demain nous appartient,7,35,https://www.spin-off.frepisode35-410924-06102023-saison7-Demain-nous-appartient.html
06-10-2023,SVT Play,Suède,Familjen Andersson,1,08,https://www.spin-off.frepisode08-409539-06102023-saison1-Familjen-Andersson.html
06-10-2023,SVT Play,Suède,Gaslight,1,04,https://www.spin-off.frepisode04-410680-06102023-saison1-Gaslight.html
06-10-2023,SVT Play,Suède,Gaslight,1,05,https://www.spin-off.frepisode05-410681-06102023-saison1-Gaslight.html
06-10-2023,SVT Play,Etats-Unis,Gaslight,1,06,https://www.spin-off.frepisode06-410682-06102023-saison1-Gaslight.html
06-10-2023,Prime Video,Royaume-Uni,Gen V,1,04,https://www.spin-off.frepisode04-408428-06102023-saison1-Gen-V.html
06-10-2023,BBC One,Royaume-Uni,Ghosts (UK),5,01,https://www.spin-off.frepisode01-410534-06102023-saison5-Ghosts-(UK).html
06-10-2023,BBC One,Royaume-Uni,Ghosts (UK),5,02,https://www.spin-off.frepisode02-410722-06102023-saison5-Ghosts-(UK).html
06-10-2023,BBC One,Royaume-Uni,Ghosts (UK),5,03,https://www.spin-off.frepisode03-410723-06102023-saison5-Ghosts-(UK).html
06-10-2023,BBC One,Royaume-Uni,Ghosts (UK),5,04,https://www.spin-off.frepisode04-410724-06102023-saison5-Ghosts-(UK).html
06-10-2023,BBC One,Royaume-Uni,Ghosts (UK),5,05,https://www.spin-off.frepisode05-410725-06102023-saison5-Ghosts-(UK).html
06-10-2023,BBC One,Danemark,Ghosts (UK),5,06,https://www.spin-off.frepisode06-410726-06102023-saison5-Ghosts-(UK).html
06-10-2023,DR1,France,Huset,1,06,https://www.spin-off.frepisode06-410716-06102023-saison1-Huset.html
06-10-2023,TF1,Etats-Unis,Ici tout commence,4,30,https://www.spin-off.frepisode30-410919-06102023-saison4-Ici-tout-commence.html
06-10-2023,Prime Video,Etats-Unis,Last Exit Schinkenstraße,1,01,https://www.spin-off.frepisode01-411018-06102023-saison1-Last-Exit-Schinkenstraße.html
06-10-2023,Prime Video,Etats-Unis,Last Exit Schinkenstraße,1,02,https://www.spin-off.frepisode02-411019-06102023-saison1-Last-Exit-Schinkenstraße.html
06-10-2023,Prime Video,Etats-Unis,Last Exit Schinkenstraße,1,03,https://www.spin-off.frepisode03-411020-06102023-saison1-Last-Exit-Schinkenstraße.html
06-10-2023,Prime Video,Etats-Unis,Last Exit Schinkenstraße,1,04,https://www.spin-off.frepisode04-411021-06102023-saison1-Last-Exit-Schinkenstraße.html
06-10-2023,Prime Video,Etats-Unis,Last Exit Schinkenstraße,1,05,https://www.spin-off.frepisode05-411022-06102023-saison1-Last-Exit-Schinkenstraße.html
06-10-2023,Prime Video,Etats-Unis,Last Exit Schinkenstraße,1,06,https://www.spin-off.frepisode06-411023-06102023-saison1-Last-Exit-Schinkenstraße.html
06-10-2023,Starz,Canada,Power Book IV: Force,2,06,https://www.spin-off.frepisode06-410815-06102023-saison2-Power-Book-IV-Force.html
06-10-2023,CraveTV,Allemagne,Shoresy,2,03,https://www.spin-off.frepisode03-410866-06102023-saison2-Shoresy.html
06-10-2023,ZDF,Suède,SOKO Leipzig,24,07,https://www.spin-off.frepisode07-410561-06102023-saison24-SOKO-Leipzig.html
06-10-2023,TV4,Etats-Unis,Solsidan,8,03,https://www.spin-off.frepisode03-410858-06102023-saison8-Solsidan.html
06-10-2023,Apple TV+,Etats-Unis,Still Up,1,05,https://www.spin-off.frepisode05-408946-06102023-saison1-Still-Up.html
06-10-2023,Apple TV+,Etats-Unis,The Changeling,1,07,https://www.spin-off.frepisode07-408182-06102023-saison1-The-Changeling.html
06-10-2023,Peacock,Etats-Unis,The Continental: From The World Of John Wick,1,03,https://www.spin-off.frepisode03-408644-06102023-saison1-The-Continental-From-The-World-Of-John-Wick.html
06-10-2023,Prime Video,Canada,The Wheel of Time,2,08,https://www.spin-off.frepisode08-408196-06102023-saison2-The-Wheel-of-Time.html
06-10-2023,CTV,France,Transplant,4,01,https://www.spin-off.frepisode01-408389-06102023-saison4-Transplant.html
06-10-2023,France 2,Etats-Unis,Un Si Grand Soleil,6,26,https://www.spin-off.frepisode26-410928-06102023-saison6-Un-Si-Grand-Soleil.html
07-10-2023,OWN,Corée du Sud,All Rise,3,14,https://www.spin-off.frepisode14-410327-07102023-saison3-All-Rise.html
07-10-2023,tvN,Belgique,Arthdal Chronicles,2,09,https://www.spin-off.frepisode09-411010-07102023-saison2-Arthdal-Chronicles.html
07-10-2023,Één,Etats-Unis,Boomer,1,06,https://www.spin-off.frepisode06-409827-07102023-saison1-Boomer.html
07-10-2023,Bounce TV,Corée du Sud,Johnson,3,10,https://www.spin-off.frepisode10-410645-07102023-saison3-Johnson.html
08-10-2023,tvN,Etats-Unis,Arthdal Chronicles,2,10,https://www.spin-off.frepisode10-411011-08102023-saison2-Arthdal-Chronicles.html
08-10-2023,Fox,Espagne,Bob's Burgers,14,02,https://www.spin-off.frepisode02-410729-08102023-saison14-Bob-s-Burgers.html
08-10-2023,ATRESplayer,Etats-Unis,Entre Tierras,1,05,https://www.spin-off.frepisode05-410971-08102023-saison1-Entre-Tierras.html
08-10-2023,Fox,Canada,Family Guy,22,02,https://www.spin-off.frepisode02-410730-08102023-saison22-Family-Guy.html
08-10-2023,CBC,Etats-Unis,Heartland (CA),17,02,https://www.spin-off.frepisode02-410535-08102023-saison17-Heartland-(CA).html
08-10-2023,Fox,Etats-Unis,Krapopolis,1,04,https://www.spin-off.frepisode04-410328-08102023-saison1-Krapopolis.html
08-10-2023,HBO,France,Last Week Tonight With John Oliver,10,12,https://www.spin-off.frepisode12-411014-08102023-saison10-Last-Week-Tonight-With-John-Oliver.html
08-10-2023,TMC,Canada,Les Mystères de l'amour,33,09,https://www.spin-off.frepisode09-410595-08102023-saison33-Les-Mysteres-de-l-amour.html
08-10-2023,CBC Gem,Etats-Unis,SkyMed,2,02,https://www.spin-off.frepisode02-410740-08102023-saison2-SkyMed.html
08-10-2023,Fox,Etats-Unis,The Simpsons,35,02,https://www.spin-off.frepisode02-410728-08102023-saison35-The-Simpsons.html
08-10-2023,AMC,Royaume-Uni,The Walking Dead: Daryl Dixon,1,05,https://www.spin-off.frepisode05-409848-08102023-saison1-The-Walking-Dead-Daryl-Dixon.html
08-10-2023,ITVX,Etats-Unis,The Winter King,1,06,https://www.spin-off.frepisode06-409132-08102023-saison1-The-Winter-King.html
08-10-2023,Hallmark Channel,Canada,When Calls the Heart,10,11,https://www.spin-off.frepisode11-407540-08102023-saison10-When-Calls-the-Heart.html
09-10-2023,Radio Canada,France,5è Rang,6,05,https://www.spin-off.frepisode05-410914-09102023-saison6-5e-Rang.html
09-10-2023,Canal+,France,66-5,1,07,https://www.spin-off.frepisode07-410555-09102023-saison1-66-5.html
09-10-2023,Canal+,Canada,66-5,1,08,https://www.spin-off.frepisode08-410556-09102023-saison1-66-5.html
09-10-2023,TVA,France,Alertes,3,17,https://www.spin-off.frepisode17-411030-09102023-saison3-Alertes.html
09-10-2023,TF1,Etats-Unis,Demain nous appartient,7,36,https://www.spin-off.frepisode36-411033-09102023-saison7-Demain-nous-appartient.html
09-10-2023,Acorn TV,Etats-Unis,Harry Wild,2,01,https://www.spin-off.frepisode01-410199-09102023-saison2-Harry-Wild.html
09-10-2023,Acorn TV,France,Harry Wild,2,02,https://www.spin-off.frepisode02-410200-09102023-saison2-Harry-Wild.html
09-10-2023,TF1,France,Ici tout commence,4,31,https://www.spin-off.frepisode31-411038-09102023-saison4-Ici-tout-commence.html
09-10-2023,France 2,France,Infiltré(e),1,05,https://www.spin-off.frepisode05-410720-09102023-saison1-Infiltre(e).html
09-10-2023,France 2,Suède,Infiltré(e),1,06,https://www.spin-off.frepisode06-410721-09102023-saison1-Infiltre(e).html
09-10-2023,Discovery +,Etats-Unis,Kamikaze (NOR),1,04,https://www.spin-off.frepisode04-411031-09102023-saison1-Kamikaze-(NOR).html
09-10-2023,Paramount+,Canada,Mentiras pasajeras,1,01,https://www.spin-off.frepisode01-410619-09102023-saison1-Mentiras-pasajeras.html
09-10-2023,Citytv,France,Murdoch Mysteries,17,02,https://www.spin-off.frepisode02-410605-09102023-saison17-Murdoch-Mysteries.html
09-10-2023,Canal+,Allemagne,Narvalo,3,05,https://www.spin-off.frepisode05-410629-09102023-saison3-Narvalo.html
09-10-2023,ZDF,Etats-Unis,SOKO Potsdam,6,03,https://www.spin-off.frepisode03-410908-09102023-saison6-SOKO-Potsdam.html
09-10-2023,NBC,France,The Irrational,1,03,https://www.spin-off.frepisode03-409679-09102023-saison1-The-Irrational.html
09-10-2023,France 2,Etats-Unis,Un Si Grand Soleil,6,27,https://www.spin-off.frepisode27-411043-09102023-saison6-Un-Si-Grand-Soleil.html
09-10-2023,Showtime,France,Ví?az,1,06,https://www.spin-off.frepisode06-410697-09102023-saison1-Viaz.html
10-10-2023,France 3,Canada,Alexandra Ehle,4,02,https://www.spin-off.frepisode02-405395-10102023-saison4-Alexandra-Ehle.html
10-10-2023,Radio Canada,Canada,À coeur battant,2,05,https://www.spin-off.frepisode05-410930-10102023-saison2-A-coeur-battant.html
10-10-2023,Noovo.ca,France,Club Soly,3,05,https://www.spin-off.frepisode05-411047-10102023-saison3-Club-Soly.html
10-10-2023,TF1,Etats-Unis,Demain nous appartient,7,37,https://www.spin-off.frepisode37-411034-10102023-saison7-Demain-nous-appartient.html
10-10-2023,NBC,France,Found,1,02,https://www.spin-off.frepisode02-409591-10102023-saison1-Found.html
10-10-2023,TF1,Etats-Unis,Ici tout commence,4,32,https://www.spin-off.frepisode32-411039-10102023-saison4-Ici-tout-commence.html
11-10-2023,Disney+,Etats-Unis,4EVER,1,01,https://www.spin-off.frepisode01-411025-11102023-saison1-4EVER.html
11-10-2023,Disney+,Etats-Unis,4EVER,1,02,https://www.spin-off.frepisode02-411026-11102023-saison1-4EVER.html
11-10-2023,Disney+,Etats-Unis,4EVER,1,03,https://www.spin-off.frepisode03-411027-11102023-saison1-4EVER.html
11-10-2023,Disney+,Etats-Unis,4EVER,1,04,https://www.spin-off.frepisode04-411028-11102023-saison1-4EVER.html
11-10-2023,Disney+,Canada,4EVER,1,05,https://www.spin-off.frepisode05-411029-11102023-saison1-4EVER.html
11-10-2023,Noovo.ca,Canada,Aller simple,2,05,https://www.spin-off.frepisode05-410650-11102023-saison2-Aller-simple.html
11-10-2023,Noovo.ca,Etats-Unis,Aller simple,2,06,https://www.spin-off.frepisode06-411054-11102023-saison2-Aller-simple.html
11-10-2023,FX,Etats-Unis,American Horror Story,12,04,https://www.spin-off.frepisode04-410339-11102023-saison12-American-Horror-Story.html
11-10-2023,FXX,Canada,Archer (2009),14,08,https://www.spin-off.frepisode08-408905-11102023-saison14-Archer-(2009).html
11-10-2023,CBC,Canada,Bones of Crows,1,04,https://www.spin-off.frepisode04-410782-11102023-saison1-Bones-of-Crows.html
11-10-2023,CTV,Etats-Unis,Children Ruin Everything,3,03,https://www.spin-off.frepisode03-410932-11102023-saison3-Children-Ruin-Everything.html
11-10-2023,Syfy,Etats-Unis,Chucky,3,02,https://www.spin-off.frepisode02-409115-11102023-saison3-Chucky.html
11-10-2023,AMC,Etats-Unis,Cooper's Bar,2,01,https://www.spin-off.frepisode01-410431-11102023-saison2-Cooper-s-Bar.html
11-10-2023,AMC,France,Cooper's Bar,2,02,https://www.spin-off.frepisode02-411062-11102023-saison2-Cooper-s-Bar.html
11-10-2023,TF1,Etats-Unis,Demain nous appartient,7,38,https://www.spin-off.frepisode38-411035-11102023-saison7-Demain-nous-appartient.html
11-10-2023,Disney+,Etats-Unis,Hans River Police,1,09,https://www.spin-off.frepisode09-409974-11102023-saison1-Hans-River-Police.html
11-10-2023,Disney+,Canada,Hans River Police,1,10,https://www.spin-off.frepisode10-409975-11102023-saison1-Hans-River-Police.html
11-10-2023,Citytv,France,Hudson & Rex,6,02,https://www.spin-off.frepisode02-410259-11102023-saison6-Hudson--Rex.html
11-10-2023,TF1,Etats-Unis,Ici tout commence,4,33,https://www.spin-off.frepisode33-411040-11102023-saison4-Ici-tout-commence.html
11-10-2023,Apple TV+,Espagne,Invasion (2021),2,08,https://www.spin-off.frepisode08-407972-11102023-saison2-Invasion-(2021).html
11-10-2023,Moviestar+,Espagne,La Mesias,1,01,https://www.spin-off.frepisode01-410340-11102023-saison1-La-Mesias.html
11-10-2023,Moviestar+,Etats-Unis,La Mesias,1,02,https://www.spin-off.frepisode02-410544-11102023-saison1-La-Mesias.html
11-10-2023,NBC,Espagne,Magnum P.I. (2018),5,12,https://www.spin-off.frepisode12-410783-11102023-saison5-Magnum-PI-(2018).html
11-10-2023,Star+,Espagne,Nada,1,01,https://www.spin-off.frepisode01-410264-11102023-saison1-Nada.html
11-10-2023,Star+,Espagne,Nada,1,02,https://www.spin-off.frepisode02-411069-11102023-saison1-Nada.html
11-10-2023,Star+,Espagne,Nada,1,03,https://www.spin-off.frepisode03-411070-11102023-saison1-Nada.html
11-10-2023,Star+,Espagne,Nada,1,04,https://www.spin-off.frepisode04-411071-11102023-saison1-Nada.html
11-10-2023,Star+,Etats-Unis,Nada,1,05,https://www.spin-off.frepisode05-411072-11102023-saison1-Nada.html
11-10-2023,Netflix,Etats-Unis,Pacto de Silencio,1,01,https://www.spin-off.frepisode01-410272-11102023-saison1-Pacto-de-Silencio.html
11-10-2023,Netflix,Etats-Unis,Pacto de Silencio,1,02,https://www.spin-off.frepisode02-411073-11102023-saison1-Pacto-de-Silencio.html
11-10-2023,Netflix,Etats-Unis,Pacto de Silencio,1,03,https://www.spin-off.frepisode03-411074-11102023-saison1-Pacto-de-Silencio.html
11-10-2023,Netflix,Etats-Unis,Pacto de Silencio,1,04,https://www.spin-off.frepisode04-411075-11102023-saison1-Pacto-de-Silencio.html
11-10-2023,Netflix,Etats-Unis,Pacto de Silencio,1,05,https://www.spin-off.frepisode05-411076-11102023-saison1-Pacto-de-Silencio.html
11-10-2023,Netflix,Etats-Unis,Pacto de Silencio,1,06,https://www.spin-off.frepisode06-411077-11102023-saison1-Pacto-de-Silencio.html
11-10-2023,Netflix,Etats-Unis,Pacto de Silencio,1,07,https://www.spin-off.frepisode07-411078-11102023-saison1-Pacto-de-Silencio.html
11-10-2023,Netflix,Etats-Unis,Pacto de Silencio,1,08,https://www.spin-off.frepisode08-411079-11102023-saison1-Pacto-de-Silencio.html
11-10-2023,Netflix,Etats-Unis,Pacto de Silencio,1,09,https://www.spin-off.frepisode09-411080-11102023-saison1-Pacto-de-Silencio.html
11-10-2023,Netflix,Etats-Unis,Pacto de Silencio,1,10,https://www.spin-off.frepisode10-411081-11102023-saison1-Pacto-de-Silencio.html
11-10-2023,Netflix,Etats-Unis,Pacto de Silencio,1,11,https://www.spin-off.frepisode11-411082-11102023-saison1-Pacto-de-Silencio.html
11-10-2023,Netflix,Etats-Unis,Pacto de Silencio,1,12,https://www.spin-off.frepisode12-411083-11102023-saison1-Pacto-de-Silencio.html
11-10-2023,Netflix,Etats-Unis,Pacto de Silencio,1,13,https://www.spin-off.frepisode13-411084-11102023-saison1-Pacto-de-Silencio.html
11-10-2023,Netflix,Etats-Unis,Pacto de Silencio,1,14,https://www.spin-off.frepisode14-411085-11102023-saison1-Pacto-de-Silencio.html
11-10-2023,Netflix,Etats-Unis,Pacto de Silencio,1,15,https://www.spin-off.frepisode15-411086-11102023-saison1-Pacto-de-Silencio.html
11-10-2023,Netflix,Etats-Unis,Pacto de Silencio,1,16,https://www.spin-off.frepisode16-411087-11102023-saison1-Pacto-de-Silencio.html
11-10-2023,Netflix,Etats-Unis,Pacto de Silencio,1,17,https://www.spin-off.frepisode17-411088-11102023-saison1-Pacto-de-Silencio.html
11-10-2023,Netflix,Etats-Unis,Pacto de Silencio,1,18,https://www.spin-off.frepisode18-411089-11102023-saison1-Pacto-de-Silencio.html
11-10-2023,NBC,Canada,Quantum Leap (2022),2,02,https://www.spin-off.frepisode02-409735-11102023-saison2-Quantum-Leap-(2022).html
11-10-2023,Global,Etats-Unis,Robyn Hood,1,03,https://www.spin-off.frepisode03-410950-11102023-saison1-Robyn-Hood.html
11-10-2023,Syfy,Etats-Unis,SurrealEstate,2,02,https://www.spin-off.frepisode02-410804-11102023-saison2-SurrealEstate.html
11-10-2023,Apple TV+,Etats-Unis,The Morning Show,3,06,https://www.spin-off.frepisode06-407701-11102023-saison3-The-Morning-Show.html
11-10-2023,Disney+,Etats-Unis,The Worst of Evil,1,06,https://www.spin-off.frepisode06-410768-11102023-saison1-The-Worst-of-Evil.html
11-10-2023,Disney+,France,The Worst of Evil,1,07,https://www.spin-off.frepisode07-410769-11102023-saison1-The-Worst-of-Evil.html
11-10-2023,France 2,Etats-Unis,Un Si Grand Soleil,6,28,https://www.spin-off.frepisode28-411044-11102023-saison6-Un-Si-Grand-Soleil.html
11-10-2023,Nickelodeon,Royaume-Uni,Young Dylan,4,06,https://www.spin-off.frepisode06-410624-11102023-saison4-Young-Dylan.html
12-10-2023,Channel 5,Etats-Unis,All Creatures Great and Small (2020),4,02,https://www.spin-off.frepisode02-410698-12102023-saison4-All-Creatures-Great-and-Small-(2020).html
12-10-2023,Prime Video,Etats-Unis,Alphonse,1,01,https://www.spin-off.frepisode01-411024-12102023-saison1-Alphonse.html
12-10-2023,Prime Video,Etats-Unis,Alphonse,1,02,https://www.spin-off.frepisode02-411131-12102023-saison1-Alphonse.html
12-10-2023,Prime Video,Etats-Unis,Alphonse,1,03,https://www.spin-off.frepisode03-411132-12102023-saison1-Alphonse.html
12-10-2023,ALLBLK,Royaume-Uni,À La Carte,2,05,https://www.spin-off.frepisode05-410518-12102023-saison2-A-La-Carte.html
12-10-2023,Sky1,Royaume-Uni,Cobra (UK),3,01,https://www.spin-off.frepisode01-410604-12102023-saison3-Cobra-(UK).html
12-10-2023,Sky1,Royaume-Uni,Cobra (UK),3,02,https://www.spin-off.frepisode02-411133-12102023-saison3-Cobra-(UK).html
12-10-2023,Sky1,Royaume-Uni,Cobra (UK),3,03,https://www.spin-off.frepisode03-411134-12102023-saison3-Cobra-(UK).html
12-10-2023,Sky1,Royaume-Uni,Cobra (UK),3,04,https://www.spin-off.frepisode04-411135-12102023-saison3-Cobra-(UK).html
12-10-2023,Sky1,Royaume-Uni,Cobra (UK),3,05,https://www.spin-off.frepisode05-411136-12102023-saison3-Cobra-(UK).html
12-10-2023,Sky1,France,Cobra (UK),3,06,https://www.spin-off.frepisode06-411137-12102023-saison3-Cobra-(UK).html
12-10-2023,TF1,Etats-Unis,Demain nous appartient,7,39,https://www.spin-off.frepisode39-411036-12102023-saison7-Demain-nous-appartient.html
12-10-2023,HBO Max,Etats-Unis,Doom Patrol,4,07,https://www.spin-off.frepisode07-410004-12102023-saison4-Doom-Patrol.html
12-10-2023,HBO Max,Etats-Unis,Doom Patrol,4,08,https://www.spin-off.frepisode08-410005-12102023-saison4-Doom-Patrol.html
12-10-2023,Paramount+,Etats-Unis,Frasier (2023),1,01,https://www.spin-off.frepisode01-409723-12102023-saison1-Frasier-(2023).html
12-10-2023,Paramount+,France,Frasier (2023),1,02,https://www.spin-off.frepisode02-409724-12102023-saison1-Frasier-(2023).html
12-10-2023,TF1,Canada,Ici tout commence,4,34,https://www.spin-off.frepisode34-411041-12102023-saison4-Ici-tout-commence.html
12-10-2023,Club illico ,Canada,Les révoltés,1,07,https://www.spin-off.frepisode07-411203-12102023-saison1-Les-revoltes.html
12-10-2023,Club illico ,Etats-Unis,Les révoltés,1,08,https://www.spin-off.frepisode08-411204-12102023-saison1-Les-revoltes.html
12-10-2023,Disney+,France,Loki,2,02,https://www.spin-off.frepisode02-410902-12102023-saison2-Loki.html
12-10-2023,OCS,France,LT-21,1,01,https://www.spin-off.frepisode01-408962-12102023-saison1-LT-21.html
12-10-2023,OCS,France,LT-21,1,02,https://www.spin-off.frepisode02-408963-12102023-saison1-LT-21.html
12-10-2023,Arte,France,Nackt über Berlin,1,01,https://www.spin-off.frepisode01-410608-12102023-saison1-Nackt-uber-Berlin.html
12-10-2023,Arte,France,Nackt über Berlin,1,02,https://www.spin-off.frepisode02-410609-12102023-saison1-Nackt-uber-Berlin.html
12-10-2023,Arte,Etats-Unis,Nackt über Berlin,1,03,https://www.spin-off.frepisode03-410610-12102023-saison1-Nackt-uber-Berlin.html
12-10-2023,HBO Max,Etats-Unis,Our Flag Means Death,2,04,https://www.spin-off.frepisode04-409665-12102023-saison2-Our-Flag-Means-Death.html
12-10-2023,HBO Max,Etats-Unis,Our Flag Means Death,2,05,https://www.spin-off.frepisode05-409666-12102023-saison2-Our-Flag-Means-Death.html
12-10-2023,Paramount+,Etats-Unis,Star Trek: Lower Decks,4,07,https://www.spin-off.frepisode07-409761-12102023-saison4-Star-Trek-Lower-Decks.html
12-10-2023,Netflix,Etats-Unis,The Fall of the House of Usher,1,01,https://www.spin-off.frepisode01-408906-12102023-saison1-The-Fall-of-the-House-of-Usher.html
12-10-2023,Netflix,Etats-Unis,The Fall of the House of Usher,1,02,https://www.spin-off.frepisode02-411090-12102023-saison1-The-Fall-of-the-House-of-Usher.html
12-10-2023,Netflix,Etats-Unis,The Fall of the House of Usher,1,03,https://www.spin-off.frepisode03-411091-12102023-saison1-The-Fall-of-the-House-of-Usher.html
12-10-2023,Netflix,Etats-Unis,The Fall of the House of Usher,1,04,https://www.spin-off.frepisode04-411092-12102023-saison1-The-Fall-of-the-House-of-Usher.html
12-10-2023,Netflix,Etats-Unis,The Fall of the House of Usher,1,05,https://www.spin-off.frepisode05-411093-12102023-saison1-The-Fall-of-the-House-of-Usher.html
12-10-2023,Netflix,Etats-Unis,The Fall of the House of Usher,1,06,https://www.spin-off.frepisode06-411094-12102023-saison1-The-Fall-of-the-House-of-Usher.html
12-10-2023,Netflix,Etats-Unis,The Fall of the House of Usher,1,07,https://www.spin-off.frepisode07-411095-12102023-saison1-The-Fall-of-the-House-of-Usher.html
12-10-2023,Netflix,France,The Fall of the House of Usher,1,08,https://www.spin-off.frepisode08-411096-12102023-saison1-The-Fall-of-the-House-of-Usher.html
12-10-2023,France 2,Etats-Unis,Un Si Grand Soleil,6,29,https://www.spin-off.frepisode29-411045-12102023-saison6-Un-Si-Grand-Soleil.html
13-10-2023,Showtime,Canada,Billions,7,10,https://www.spin-off.frepisode10-409767-13102023-saison7-Billions.html
13-10-2023,CraveTV,Canada,Bria Mack Gets A Life,1,01,https://www.spin-off.frepisode01-410332-13102023-saison1-Bria-Mack-Gets-A-Life.html
13-10-2023,CraveTV,Canada,Bria Mack Gets A Life,1,02,https://www.spin-off.frepisode02-410333-13102023-saison1-Bria-Mack-Gets-A-Life.html
13-10-2023,CraveTV,Etats-Unis,Bria Mack Gets A Life,1,03,https://www.spin-off.frepisode03-410334-13102023-saison1-Bria-Mack-Gets-A-Life.html
13-10-2023,Shudder,France,Creepshow,4,01,https://www.spin-off.frepisode01-410146-13102023-saison4-Creepshow.html
13-10-2023,TF1,Allemagne,Demain nous appartient,7,40,https://www.spin-off.frepisode40-411037-13102023-saison7-Demain-nous-appartient.html
13-10-2023,RTL,Allemagne,Die Quellen des Bösen,1,01,https://www.spin-off.frepisode01-411207-13102023-saison1-Die-Quellen-des-Bosen.html
13-10-2023,RTL,Allemagne,Die Quellen des Bösen,1,02,https://www.spin-off.frepisode02-411208-13102023-saison1-Die-Quellen-des-Bosen.html
13-10-2023,RTL,Allemagne,Die Quellen des Bösen,1,03,https://www.spin-off.frepisode03-411209-13102023-saison1-Die-Quellen-des-Bosen.html
13-10-2023,RTL,Allemagne,Die Quellen des Bösen,1,04,https://www.spin-off.frepisode04-411210-13102023-saison1-Die-Quellen-des-Bosen.html
13-10-2023,RTL,Allemagne,Die Quellen des Bösen,1,05,https://www.spin-off.frepisode05-411211-13102023-saison1-Die-Quellen-des-Bosen.html
13-10-2023,RTL,Suède,Die Quellen des Bösen,1,06,https://www.spin-off.frepisode06-411212-13102023-saison1-Die-Quellen-des-Bosen.html
13-10-2023,SVT Play,Suède,Familjen Andersson,1,09,https://www.spin-off.frepisode09-409540-13102023-saison1-Familjen-Andersson.html
13-10-2023,SVT Play,Suède,Gaslight,1,07,https://www.spin-off.frepisode07-410683-13102023-saison1-Gaslight.html
13-10-2023,SVT Play,Suède,Gaslight,1,08,https://www.spin-off.frepisode08-410684-13102023-saison1-Gaslight.html
13-10-2023,SVT Play,Etats-Unis,Gaslight,1,09,https://www.spin-off.frepisode09-410685-13102023-saison1-Gaslight.html
13-10-2023,Prime Video,Etats-Unis,Gen V,1,05,https://www.spin-off.frepisode05-408429-13102023-saison1-Gen-V.html
13-10-2023,Disney+,Etats-Unis,Goosebumps (2023),1,01,https://www.spin-off.frepisode01-409978-13102023-saison1-Goosebumps-(2023).html
13-10-2023,Disney+,Etats-Unis,Goosebumps (2023),1,02,https://www.spin-off.frepisode02-409979-13102023-saison1-Goosebumps-(2023).html
13-10-2023,Disney+,Etats-Unis,Goosebumps (2023),1,03,https://www.spin-off.frepisode03-409980-13102023-saison1-Goosebumps-(2023).html
13-10-2023,Disney+,Etats-Unis,Goosebumps (2023),1,04,https://www.spin-off.frepisode04-409981-13102023-saison1-Goosebumps-(2023).html
13-10-2023,Disney+,France,Goosebumps (2023),1,05,https://www.spin-off.frepisode05-409982-13102023-saison1-Goosebumps-(2023).html
13-10-2023,TF1,Etats-Unis,Ici tout commence,4,35,https://www.spin-off.frepisode35-411042-13102023-saison4-Ici-tout-commence.html
13-10-2023,Peacock,Etats-Unis,John Carpenter's Suburban Screams,1,01,https://www.spin-off.frepisode01-410425-13102023-saison1-John-Carpenter-s-Suburban-Screams.html
13-10-2023,Apple TV+,Etats-Unis,Lessons In Chemistry,1,01,https://www.spin-off.frepisode01-406597-13102023-saison1-Lessons-In-Chemistry.html
13-10-2023,Apple TV+,Etats-Unis,Lessons In Chemistry,1,02,https://www.spin-off.frepisode02-406598-13102023-saison1-Lessons-In-Chemistry.html
13-10-2023,Starz,Etats-Unis,Power Book IV: Force,2,07,https://www.spin-off.frepisode07-410802-13102023-saison2-Power-Book-IV-Force.html
13-10-2023,Starz,Canada,Shining Vale,2,01,https://www.spin-off.frepisode01-409054-13102023-saison2-Shining-Vale.html
13-10-2023,CraveTV,Allemagne,Shoresy,2,04,https://www.spin-off.frepisode04-410867-13102023-saison2-Shoresy.html
13-10-2023,ZDF,Suède,SOKO Leipzig,24,08,https://www.spin-off.frepisode08-410562-13102023-saison24-SOKO-Leipzig.html
13-10-2023,TV4,Etats-Unis,Solsidan,8,04,https://www.spin-off.frepisode04-411053-13102023-saison8-Solsidan.html
13-10-2023,Apple TV+,Etats-Unis,Still Up,1,06,https://www.spin-off.frepisode06-408947-13102023-saison1-Still-Up.html
13-10-2023,Apple TV+,Royaume-Uni,The Changeling,1,08,https://www.spin-off.frepisode08-408183-13102023-saison1-The-Changeling.html
13-10-2023,Channel 5,Canada,The Good Ship Murder,1,01,https://www.spin-off.frepisode01-410952-13102023-saison1-The-Good-Ship-Murder.html
13-10-2023,CTV,France,Transplant,4,02,https://www.spin-off.frepisode02-409737-13102023-saison4-Transplant.html
13-10-2023,France 2,Etats-Unis,Un Si Grand Soleil,6,30,https://www.spin-off.frepisode30-411046-13102023-saison6-Un-Si-Grand-Soleil.html
14-10-2023,OWN,Corée du Sud,All Rise,3,15,https://www.spin-off.frepisode15-410329-14102023-saison3-All-Rise.html
14-10-2023,tvN,Belgique,Arthdal Chronicles,2,11,https://www.spin-off.frepisode11-411012-14102023-saison2-Arthdal-Chronicles.html
14-10-2023,Één,Corée du Sud,Boomer,1,07,https://www.spin-off.frepisode07-409828-14102023-saison1-Boomer.html
15-10-2023,tvN,Etats-Unis,Arthdal Chronicles,2,12,https://www.spin-off.frepisode12-411013-15102023-saison2-Arthdal-Chronicles.html
15-10-2023,Epix,Espagne,Billy the Kid,2,01,https://www.spin-off.frepisode01-409587-15102023-saison2-Billy-the-Kid.html
15-10-2023,ATRESplayer,Canada,Entre Tierras,1,06,https://www.spin-off.frepisode06-410972-15102023-saison1-Entre-Tierras.html
15-10-2023,CBC,Etats-Unis,Heartland (CA),17,03,https://www.spin-off.frepisode03-410869-15102023-saison17-Heartland-(CA).html
15-10-2023,HBO,France,Last Week Tonight With John Oliver,10,13,https://www.spin-off.frepisode13-411282-15102023-saison10-Last-Week-Tonight-With-John-Oliver.html
15-10-2023,TMC,Etats-Unis,Les Mystères de l'amour,33,10,https://www.spin-off.frepisode10-410795-15102023-saison33-Les-Mysteres-de-l-amour.html
15-10-2023,Prime Video,Etats-Unis,Pantheon,2,01,https://www.spin-off.frepisode01-411163-15102023-saison2-Pantheon.html
15-10-2023,Prime Video,Etats-Unis,Pantheon,2,02,https://www.spin-off.frepisode02-411164-15102023-saison2-Pantheon.html
15-10-2023,Prime Video,Etats-Unis,Pantheon,2,03,https://www.spin-off.frepisode03-411165-15102023-saison2-Pantheon.html
15-10-2023,Prime Video,Etats-Unis,Pantheon,2,04,https://www.spin-off.frepisode04-411166-15102023-saison2-Pantheon.html
15-10-2023,Prime Video,Etats-Unis,Pantheon,2,05,https://www.spin-off.frepisode05-411167-15102023-saison2-Pantheon.html
15-10-2023,Prime Video,Etats-Unis,Pantheon,2,06,https://www.spin-off.frepisode06-411168-15102023-saison2-Pantheon.html
15-10-2023,Prime Video,Etats-Unis,Pantheon,2,07,https://www.spin-off.frepisode07-411169-15102023-saison2-Pantheon.html
15-10-2023,Prime Video,Etats-Unis,Pantheon,2,08,https://www.spin-off.frepisode08-411170-15102023-saison2-Pantheon.html
15-10-2023,Adult Swim,Canada,Rick and Morty,7,01,https://www.spin-off.frepisode01-409644-15102023-saison7-Rick-and-Morty.html
15-10-2023,CBC Gem,Etats-Unis,SkyMed,2,03,https://www.spin-off.frepisode03-410741-15102023-saison2-SkyMed.html
15-10-2023,AMC,Royaume-Uni,The Walking Dead: Daryl Dixon,1,06,https://www.spin-off.frepisode06-409849-15102023-saison1-The-Walking-Dead-Daryl-Dixon.html
15-10-2023,ITVX,Etats-Unis,The Winter King,1,07,https://www.spin-off.frepisode07-409133-15102023-saison1-The-Winter-King.html
15-10-2023,Hallmark Channel,Canada,When Calls the Heart,10,12,https://www.spin-off.frepisode12-407541-15102023-saison10-When-Calls-the-Heart.html
16-10-2023,Radio Canada,Canada,5è Rang,6,06,https://www.spin-off.frepisode06-411292-16102023-saison6-5e-Rang.html
16-10-2023,The Comedy Network,France,Acting Good,2,01,https://www.spin-off.frepisode01-411121-16102023-saison2-Acting-Good.html
16-10-2023,Canal+,Etats-Unis,D'argent et de sang,1,01,https://www.spin-off.frepisode01-410171-16102023-saison1-D-argent-et-de-sang.html
16-10-2023,Acorn TV,Canada,Harry Wild,2,03,https://www.spin-off.frepisode03-410201-16102023-saison2-Harry-Wild.html
16-10-2023,Citytv,France,Murdoch Mysteries,17,03,https://www.spin-off.frepisode03-410870-16102023-saison17-Murdoch-Mysteries.html
16-10-2023,Canal+,Allemagne,Narvalo,3,06,https://www.spin-off.frepisode06-410630-16102023-saison3-Narvalo.html
16-10-2023,ZDF,Etats-Unis,SOKO Potsdam,6,04,https://www.spin-off.frepisode04-410909-16102023-saison6-SOKO-Potsdam.html
16-10-2023,NBC,Etats-Unis,The Irrational,1,04,https://www.spin-off.frepisode04-409863-16102023-saison1-The-Irrational.html
17-10-2023,NBC,Etats-Unis,Found,1,03,https://www.spin-off.frepisode03-409894-17102023-saison1-Found.html
17-10-2023,BET,Etats-Unis,The Oval,5,01,https://www.spin-off.frepisode01-410192-17102023-saison5-The-Oval.html
18-10-2023,FX,Canada,American Horror Story,12,05,https://www.spin-off.frepisode05-410785-18102023-saison12-American-Horror-Story.html
18-10-2023,CBC,Canada,Bones of Crows,1,05,https://www.spin-off.frepisode05-410805-18102023-saison1-Bones-of-Crows.html
18-10-2023,CTV,Etats-Unis,Children Ruin Everything,3,04,https://www.spin-off.frepisode04-411015-18102023-saison3-Children-Ruin-Everything.html
18-10-2023,Syfy,Etats-Unis,Chucky,3,03,https://www.spin-off.frepisode03-409116-18102023-saison3-Chucky.html
18-10-2023,AMC,Canada,Cooper's Bar,2,03,https://www.spin-off.frepisode03-411063-18102023-saison2-Cooper-s-Bar.html
18-10-2023,Citytv,Etats-Unis,Hudson & Rex,6,03,https://www.spin-off.frepisode03-411097-18102023-saison6-Hudson--Rex.html
18-10-2023,Apple TV+,Etats-Unis,Invasion (2021),2,09,https://www.spin-off.frepisode09-407973-18102023-saison2-Invasion-(2021).html
18-10-2023,Netflix,Etats-Unis,Kaala Paani,1,01,https://www.spin-off.frepisode01-410946-18102023-saison1-Kaala-Paani.html
18-10-2023,Netflix,Etats-Unis,Kaala Paani,1,02,https://www.spin-off.frepisode02-411286-18102023-saison1-Kaala-Paani.html
18-10-2023,Netflix,Etats-Unis,Kaala Paani,1,03,https://www.spin-off.frepisode03-411287-18102023-saison1-Kaala-Paani.html
18-10-2023,Netflix,Etats-Unis,Kaala Paani,1,04,https://www.spin-off.frepisode04-411288-18102023-saison1-Kaala-Paani.html
18-10-2023,Netflix,Etats-Unis,Kaala Paani,1,05,https://www.spin-off.frepisode05-411289-18102023-saison1-Kaala-Paani.html
18-10-2023,Netflix,Etats-Unis,Kaala Paani,1,06,https://www.spin-off.frepisode06-411290-18102023-saison1-Kaala-Paani.html
18-10-2023,Netflix,France,Kaala Paani,1,07,https://www.spin-off.frepisode07-411291-18102023-saison1-Kaala-Paani.html
18-10-2023,France.tv,France,Les invisibles (FRA),3,01,https://www.spin-off.frepisode01-411303-18102023-saison3-Les-invisibles-(FRA).html
18-10-2023,France.tv,France,Les invisibles (FRA),3,02,https://www.spin-off.frepisode02-411304-18102023-saison3-Les-invisibles-(FRA).html
18-10-2023,France.tv,France,Les invisibles (FRA),3,03,https://www.spin-off.frepisode03-411305-18102023-saison3-Les-invisibles-(FRA).html
18-10-2023,France.tv,France,Les invisibles (FRA),3,04,https://www.spin-off.frepisode04-411306-18102023-saison3-Les-invisibles-(FRA).html
18-10-2023,France.tv,France,Les invisibles (FRA),3,05,https://www.spin-off.frepisode05-411307-18102023-saison3-Les-invisibles-(FRA).html
18-10-2023,France.tv,Etats-Unis,Les invisibles (FRA),3,06,https://www.spin-off.frepisode06-411308-18102023-saison3-Les-invisibles-(FRA).html
18-10-2023,NBC,Etats-Unis,Magnum P.I. (2018),5,13,https://www.spin-off.frepisode13-410784-18102023-saison5-Magnum-PI-(2018).html
18-10-2023,NBC,Canada,Quantum Leap (2022),2,03,https://www.spin-off.frepisode03-409964-18102023-saison2-Quantum-Leap-(2022).html
18-10-2023,Global,Etats-Unis,Robyn Hood,1,04,https://www.spin-off.frepisode04-410951-18102023-saison1-Robyn-Hood.html
18-10-2023,BET,Etats-Unis,Sistas,6,12,https://www.spin-off.frepisode12-410186-18102023-saison6-Sistas.html
18-10-2023,Syfy,Etats-Unis,SurrealEstate,2,03,https://www.spin-off.frepisode03-410882-18102023-saison2-SurrealEstate.html
18-10-2023,Apple TV+,Etats-Unis,The Morning Show,3,07,https://www.spin-off.frepisode07-407702-18102023-saison3-The-Morning-Show.html
18-10-2023,Disney+,Etats-Unis,The Worst of Evil,1,08,https://www.spin-off.frepisode08-410770-18102023-saison1-The-Worst-of-Evil.html
18-10-2023,Disney+,Etats-Unis,The Worst of Evil,1,09,https://www.spin-off.frepisode09-410771-18102023-saison1-The-Worst-of-Evil.html
18-10-2023,Nickelodeon,Royaume-Uni,Young Dylan,4,07,https://www.spin-off.frepisode07-410806-18102023-saison4-Young-Dylan.html
19-10-2023,Channel 5,Etats-Unis,All Creatures Great and Small (2020),4,03,https://www.spin-off.frepisode03-410817-19102023-saison4-All-Creatures-Great-and-Small-(2020).html
19-10-2023,ALLBLK,Etats-Unis,À La Carte,2,06,https://www.spin-off.frepisode06-410519-19102023-saison2-A-La-Carte.html
19-10-2023,Netflix,Etats-Unis,Bodies (2023),1,01,https://www.spin-off.frepisode01-409738-19102023-saison1-Bodies-(2023).html
19-10-2023,Netflix,Etats-Unis,Bodies (2023),1,02,https://www.spin-off.frepisode02-409150-19102023-saison1-Bodies-(2023).html
19-10-2023,Netflix,Etats-Unis,Bodies (2023),1,03,https://www.spin-off.frepisode03-409149-19102023-saison1-Bodies-(2023).html
19-10-2023,Netflix,Etats-Unis,Bodies (2023),1,04,https://www.spin-off.frepisode04-409148-19102023-saison1-Bodies-(2023).html
19-10-2023,Netflix,Etats-Unis,Bodies (2023),1,05,https://www.spin-off.frepisode05-411058-19102023-saison1-Bodies-(2023).html
19-10-2023,Netflix,Etats-Unis,Bodies (2023),1,06,https://www.spin-off.frepisode06-411059-19102023-saison1-Bodies-(2023).html
19-10-2023,Netflix,Etats-Unis,Bodies (2023),1,07,https://www.spin-off.frepisode07-411060-19102023-saison1-Bodies-(2023).html
19-10-2023,Netflix,Etats-Unis,Bodies (2023),1,08,https://www.spin-off.frepisode08-411061-19102023-saison1-Bodies-(2023).html
19-10-2023,HBO Max,Etats-Unis,Doom Patrol,4,09,https://www.spin-off.frepisode09-410006-19102023-saison4-Doom-Patrol.html
19-10-2023,Paramount+,Espagne,Frasier (2023),1,03,https://www.spin-off.frepisode03-409725-19102023-saison1-Frasier-(2023).html
19-10-2023,Moviestar+,Canada,La Mesias,1,03,https://www.spin-off.frepisode03-410545-19102023-saison1-La-Mesias.html
19-10-2023,Club illico ,Canada,Les révoltés,1,09,https://www.spin-off.frepisode09-411205-19102023-saison1-Les-revoltes.html
19-10-2023,Club illico ,Etats-Unis,Les révoltés,1,10,https://www.spin-off.frepisode10-411206-19102023-saison1-Les-revoltes.html
19-10-2023,Disney+,France,Loki,2,03,https://www.spin-off.frepisode03-410903-19102023-saison2-Loki.html
19-10-2023,OCS,France,LT-21,1,03,https://www.spin-off.frepisode03-408964-19102023-saison1-LT-21.html
19-10-2023,OCS,France,LT-21,1,04,https://www.spin-off.frepisode04-408965-19102023-saison1-LT-21.html
19-10-2023,Arte,France,Nackt über Berlin,1,04,https://www.spin-off.frepisode04-410611-19102023-saison1-Nackt-uber-Berlin.html
19-10-2023,Arte,France,Nackt über Berlin,1,05,https://www.spin-off.frepisode05-410612-19102023-saison1-Nackt-uber-Berlin.html
19-10-2023,Arte,Etats-Unis,Nackt über Berlin,1,06,https://www.spin-off.frepisode06-410613-19102023-saison1-Nackt-uber-Berlin.html
19-10-2023,Netflix,Etats-Unis,Neon,1,01,https://www.spin-off.frepisode01-409747-19102023-saison1-Neon.html
19-10-2023,Netflix,Etats-Unis,Neon,1,02,https://www.spin-off.frepisode02-409748-19102023-saison1-Neon.html
19-10-2023,Netflix,Etats-Unis,Neon,1,03,https://www.spin-off.frepisode03-409749-19102023-saison1-Neon.html
19-10-2023,Netflix,Etats-Unis,Neon,1,04,https://www.spin-off.frepisode04-409750-19102023-saison1-Neon.html
19-10-2023,Netflix,Etats-Unis,Neon,1,05,https://www.spin-off.frepisode05-409751-19102023-saison1-Neon.html
19-10-2023,Netflix,Etats-Unis,Neon,1,06,https://www.spin-off.frepisode06-409752-19102023-saison1-Neon.html
19-10-2023,Netflix,Etats-Unis,Neon,1,07,https://www.spin-off.frepisode07-409753-19102023-saison1-Neon.html
19-10-2023,Netflix,Etats-Unis,Neon,1,08,https://www.spin-off.frepisode08-409754-19102023-saison1-Neon.html
19-10-2023,HBO Max,Etats-Unis,Our Flag Means Death,2,06,https://www.spin-off.frepisode06-409667-19102023-saison2-Our-Flag-Means-Death.html
19-10-2023,HBO Max,Etats-Unis,Our Flag Means Death,2,07,https://www.spin-off.frepisode07-409668-19102023-saison2-Our-Flag-Means-Death.html
19-10-2023,Paramount+,Etats-Unis,Star Trek: Lower Decks,4,08,https://www.spin-off.frepisode08-409762-19102023-saison4-Star-Trek-Lower-Decks.html
19-10-2023,Paramount+,Etats-Unis,The Burning Girls,1,01,https://www.spin-off.frepisode01-410587-19102023-saison1-The-Burning-Girls.html
19-10-2023,Paramount+,Etats-Unis,The Burning Girls,1,02,https://www.spin-off.frepisode02-411309-19102023-saison1-The-Burning-Girls.html
19-10-2023,Paramount+,Etats-Unis,The Burning Girls,1,03,https://www.spin-off.frepisode03-411310-19102023-saison1-The-Burning-Girls.html
19-10-2023,Paramount+,Etats-Unis,The Burning Girls,1,04,https://www.spin-off.frepisode04-411311-19102023-saison1-The-Burning-Girls.html
19-10-2023,Paramount+,Etats-Unis,The Burning Girls,1,05,https://www.spin-off.frepisode05-411312-19102023-saison1-The-Burning-Girls.html
19-10-2023,Paramount+,Etats-Unis,The Burning Girls,1,06,https://www.spin-off.frepisode06-411313-19102023-saison1-The-Burning-Girls.html
19-10-2023,ALLBLK,Etats-Unis,Wicked City (2022),2,01,https://www.spin-off.frepisode01-411118-19102023-saison2-Wicked-City-(2022).html
19-10-2023,Peacock,Etats-Unis,Wolf Like Me,2,01,https://www.spin-off.frepisode01-409700-19102023-saison2-Wolf-Like-Me.html
19-10-2023,Peacock,Etats-Unis,Wolf Like Me,2,02,https://www.spin-off.frepisode02-409701-19102023-saison2-Wolf-Like-Me.html
19-10-2023,Peacock,Etats-Unis,Wolf Like Me,2,03,https://www.spin-off.frepisode03-409702-19102023-saison2-Wolf-Like-Me.html
19-10-2023,Peacock,Etats-Unis,Wolf Like Me,2,04,https://www.spin-off.frepisode04-409703-19102023-saison2-Wolf-Like-Me.html
19-10-2023,Peacock,Etats-Unis,Wolf Like Me,2,05,https://www.spin-off.frepisode05-409704-19102023-saison2-Wolf-Like-Me.html
19-10-2023,Peacock,Etats-Unis,Wolf Like Me,2,06,https://www.spin-off.frepisode06-409705-19102023-saison2-Wolf-Like-Me.html
19-10-2023,Peacock,Etats-Unis,Wolf Like Me,2,07,https://www.spin-off.frepisode07-409706-19102023-saison2-Wolf-Like-Me.html
20-10-2023,Netflix,Etats-Unis,Big Mouth,7,01,https://www.spin-off.frepisode01-410260-20102023-saison7-Big-Mouth.html
20-10-2023,Netflix,Etats-Unis,Big Mouth,7,02,https://www.spin-off.frepisode02-411318-20102023-saison7-Big-Mouth.html
20-10-2023,Netflix,Etats-Unis,Big Mouth,7,03,https://www.spin-off.frepisode03-411319-20102023-saison7-Big-Mouth.html
20-10-2023,Netflix,Etats-Unis,Big Mouth,7,04,https://www.spin-off.frepisode04-411320-20102023-saison7-Big-Mouth.html
20-10-2023,Netflix,Etats-Unis,Big Mouth,7,05,https://www.spin-off.frepisode05-411321-20102023-saison7-Big-Mouth.html
20-10-2023,Netflix,Etats-Unis,Big Mouth,7,06,https://www.spin-off.frepisode06-411322-20102023-saison7-Big-Mouth.html
20-10-2023,Netflix,Etats-Unis,Big Mouth,7,07,https://www.spin-off.frepisode07-411323-20102023-saison7-Big-Mouth.html
20-10-2023,Netflix,Etats-Unis,Big Mouth,7,08,https://www.spin-off.frepisode08-411324-20102023-saison7-Big-Mouth.html
20-10-2023,Netflix,Etats-Unis,Big Mouth,7,09,https://www.spin-off.frepisode09-411325-20102023-saison7-Big-Mouth.html
20-10-2023,Netflix,Etats-Unis,Big Mouth,7,10,https://www.spin-off.frepisode10-411326-20102023-saison7-Big-Mouth.html
20-10-2023,Showtime,Etats-Unis,Billions,7,11,https://www.spin-off.frepisode11-409776-20102023-saison7-Billions.html
20-10-2023,Amazon Freevee,Etats-Unis,Bosch: Legacy,2,01,https://www.spin-off.frepisode01-409707-20102023-saison2-Bosch-Legacy.html
20-10-2023,Amazon Freevee,Etats-Unis,Bosch: Legacy,2,02,https://www.spin-off.frepisode02-409708-20102023-saison2-Bosch-Legacy.html
20-10-2023,Amazon Freevee,Etats-Unis,Bosch: Legacy,2,03,https://www.spin-off.frepisode03-409709-20102023-saison2-Bosch-Legacy.html
20-10-2023,Amazon Freevee,Canada,Bosch: Legacy,2,04,https://www.spin-off.frepisode04-409710-20102023-saison2-Bosch-Legacy.html
20-10-2023,CraveTV,Canada,Bria Mack Gets A Life,1,04,https://www.spin-off.frepisode04-410335-20102023-saison1-Bria-Mack-Gets-A-Life.html
20-10-2023,CraveTV,Canada,Bria Mack Gets A Life,1,05,https://www.spin-off.frepisode05-410336-20102023-saison1-Bria-Mack-Gets-A-Life.html
20-10-2023,CraveTV,Etats-Unis,Bria Mack Gets A Life,1,06,https://www.spin-off.frepisode06-410337-20102023-saison1-Bria-Mack-Gets-A-Life.html
20-10-2023,Netflix,Etats-Unis,Doona!,1,01,https://www.spin-off.frepisode01-410162-20102023-saison1-Doona.html
20-10-2023,Netflix,Etats-Unis,Doona!,1,02,https://www.spin-off.frepisode02-410163-20102023-saison1-Doona.html
20-10-2023,Netflix,Etats-Unis,Doona!,1,03,https://www.spin-off.frepisode03-410164-20102023-saison1-Doona.html
20-10-2023,Netflix,Etats-Unis,Doona!,1,04,https://www.spin-off.frepisode04-410165-20102023-saison1-Doona.html
20-10-2023,Netflix,Etats-Unis,Doona!,1,05,https://www.spin-off.frepisode05-410166-20102023-saison1-Doona.html
20-10-2023,Netflix,Etats-Unis,Doona!,1,06,https://www.spin-off.frepisode06-410167-20102023-saison1-Doona.html
20-10-2023,Netflix,Etats-Unis,Doona!,1,07,https://www.spin-off.frepisode07-410168-20102023-saison1-Doona.html
20-10-2023,Netflix,Etats-Unis,Doona!,1,08,https://www.spin-off.frepisode08-410169-20102023-saison1-Doona.html
20-10-2023,Netflix,Etats-Unis,Doona!,1,09,https://www.spin-off.frepisode09-410170-20102023-saison1-Doona.html
20-10-2023,Netflix,Etats-Unis,Élite,7,01,https://www.spin-off.frepisode01-407350-20102023-saison7-Elite.html
20-10-2023,Netflix,Etats-Unis,Élite,7,02,https://www.spin-off.frepisode02-407351-20102023-saison7-Elite.html
20-10-2023,Netflix,Etats-Unis,Élite,7,03,https://www.spin-off.frepisode03-407352-20102023-saison7-Elite.html
20-10-2023,Netflix,Etats-Unis,Élite,7,04,https://www.spin-off.frepisode04-407353-20102023-saison7-Elite.html
20-10-2023,Netflix,Etats-Unis,Élite,7,05,https://www.spin-off.frepisode05-407354-20102023-saison7-Elite.html
20-10-2023,Netflix,Etats-Unis,Élite,7,06,https://www.spin-off.frepisode06-407355-20102023-saison7-Elite.html
20-10-2023,Netflix,Etats-Unis,Élite,7,07,https://www.spin-off.frepisode07-407356-20102023-saison7-Elite.html
20-10-2023,Netflix,Suède,Élite,7,08,https://www.spin-off.frepisode08-407357-20102023-saison7-Elite.html
20-10-2023,SVT Play,Etats-Unis,Familjen Andersson,1,10,https://www.spin-off.frepisode10-409541-20102023-saison1-Familjen-Andersson.html
20-10-2023,Prime Video,Etats-Unis,Gen V,1,06,https://www.spin-off.frepisode06-408430-20102023-saison1-Gen-V.html
20-10-2023,Disney+,Etats-Unis,Goosebumps (2023),1,06,https://www.spin-off.frepisode06-409983-20102023-saison1-Goosebumps-(2023).html
20-10-2023,Apple TV+,Etats-Unis,Lessons In Chemistry,1,03,https://www.spin-off.frepisode03-406599-20102023-saison1-Lessons-In-Chemistry.html
20-10-2023,Starz,Etats-Unis,Power Book IV: Force,2,08,https://www.spin-off.frepisode08-410987-20102023-saison2-Power-Book-IV-Force.html
20-10-2023,Starz,Allemagne,Shining Vale,2,02,https://www.spin-off.frepisode02-411122-20102023-saison2-Shining-Vale.html
20-10-2023,ZDF,Etats-Unis,SOKO Leipzig,24,09,https://www.spin-off.frepisode09-410563-20102023-saison24-SOKO-Leipzig.html
20-10-2023,Apple TV+,Royaume-Uni,Still Up,1,07,https://www.spin-off.frepisode07-408948-20102023-saison1-Still-Up.html
20-10-2023,Channel 5,Canada,The Good Ship Murder,1,02,https://www.spin-off.frepisode02-410953-20102023-saison1-The-Good-Ship-Murder.html
20-10-2023,CTV,Etats-Unis,Transplant,4,03,https://www.spin-off.frepisode03-409839-20102023-saison4-Transplant.html
20-10-2023,Prime Video,Etats-Unis,Upload,3,01,https://www.spin-off.frepisode01-410010-20102023-saison3-Upload.html
20-10-2023,Prime Video,Etats-Unis,Upload,3,02,https://www.spin-off.frepisode02-410011-20102023-saison3-Upload.html
20-10-2023,Netflix,Etats-Unis,Yaratilan,1,01,https://www.spin-off.frepisode01-409988-20102023-saison1-Yaratilan.html
20-10-2023,Netflix,Etats-Unis,Yaratilan,1,02,https://www.spin-off.frepisode02-411327-20102023-saison1-Yaratilan.html
20-10-2023,Netflix,Etats-Unis,Yaratilan,1,03,https://www.spin-off.frepisode03-411328-20102023-saison1-Yaratilan.html
20-10-2023,Netflix,Etats-Unis,Yaratilan,1,04,https://www.spin-off.frepisode04-411329-20102023-saison1-Yaratilan.html
20-10-2023,Netflix,Etats-Unis,Yaratilan,1,05,https://www.spin-off.frepisode05-411330-20102023-saison1-Yaratilan.html
20-10-2023,Netflix,Etats-Unis,Yaratilan,1,06,https://www.spin-off.frepisode06-411331-20102023-saison1-Yaratilan.html
20-10-2023,Netflix,Etats-Unis,Yaratilan,1,07,https://www.spin-off.frepisode07-411332-20102023-saison1-Yaratilan.html
20-10-2023,Netflix,Etats-Unis,Yaratilan,1,08,https://www.spin-off.frepisode08-411333-20102023-saison1-Yaratilan.html
21-10-2023,OWN,Belgique,All Rise,3,16,https://www.spin-off.frepisode16-410330-21102023-saison3-All-Rise.html
21-10-2023,Één,Etats-Unis,Boomer,1,08,https://www.spin-off.frepisode08-409829-21102023-saison1-Boomer.html
22-10-2023,Epix,Etats-Unis,Billy the Kid,2,02,https://www.spin-off.frepisode02-409588-22102023-saison2-Billy-the-Kid.html
22-10-2023,Fox,Espagne,Bob's Burgers,14,03,https://www.spin-off.frepisode03-410885-22102023-saison14-Bob-s-Burgers.html
22-10-2023,ATRESplayer,Etats-Unis,Entre Tierras,1,07,https://www.spin-off.frepisode07-410973-22102023-saison1-Entre-Tierras.html
22-10-2023,Fox,Etats-Unis,Family Guy,22,03,https://www.spin-off.frepisode03-410998-22102023-saison22-Family-Guy.html
22-10-2023,AMC,Canada,Fear the Walking Dead,8,07,https://www.spin-off.frepisode07-408754-22102023-saison8-Fear-the-Walking-Dead.html
22-10-2023,CBC,Etats-Unis,Heartland (CA),17,04,https://www.spin-off.frepisode04-410871-22102023-saison17-Heartland-(CA).html
22-10-2023,Fox,France,Krapopolis,1,05,https://www.spin-off.frepisode05-410699-22102023-saison1-Krapopolis.html
22-10-2023,TMC,Etats-Unis,Les Mystères de l'amour,33,11,https://www.spin-off.frepisode11-410883-22102023-saison33-Les-Mysteres-de-l-amour.html
22-10-2023,Adult Swim,Canada,Rick and Morty,7,02,https://www.spin-off.frepisode02-410175-22102023-saison7-Rick-and-Morty.html
22-10-2023,CBC Gem,Etats-Unis,SkyMed,2,04,https://www.spin-off.frepisode04-411101-22102023-saison2-SkyMed.html
22-10-2023,Fox,Etats-Unis,The Simpsons,35,03,https://www.spin-off.frepisode03-410884-22102023-saison35-The-Simpsons.html
22-10-2023,Disney Channel,Royaume-Uni,The Villains of Valley View,2,17,https://www.spin-off.frepisode17-411283-22102023-saison2-The-Villains-of-Valley-View.html
22-10-2023,ITVX,Europe,The Winter King,1,08,https://www.spin-off.frepisode08-409134-22102023-saison1-The-Winter-King.html
23-10-2023,HBO Europe,Canada,30 Monedas,2,01,https://www.spin-off.frepisode01-410606-23102023-saison2-30-Monedas.html
23-10-2023,Radio Canada,Canada,5è Rang,6,07,https://www.spin-off.frepisode07-411293-23102023-saison6-5e-Rang.html
23-10-2023,The Comedy Network,Etats-Unis,Acting Good,2,02,https://www.spin-off.frepisode02-411294-23102023-saison2-Acting-Good.html
23-10-2023,Acorn TV,Canada,Harry Wild,2,04,https://www.spin-off.frepisode04-410202-23102023-saison2-Harry-Wild.html
23-10-2023,Citytv,France,Murdoch Mysteries,17,04,https://www.spin-off.frepisode04-410872-23102023-saison17-Murdoch-Mysteries.html
23-10-2023,Canal+,Allemagne,Narvalo,3,07,https://www.spin-off.frepisode07-410631-23102023-saison3-Narvalo.html
23-10-2023,ZDF,Royaume-Uni,SOKO Potsdam,6,05,https://www.spin-off.frepisode05-410910-23102023-saison6-SOKO-Potsdam.html
23-10-2023,CBBC,Royaume-Uni,Spooky Files,1,01,https://www.spin-off.frepisode01-411213-23102023-saison1-Spooky-Files.html
23-10-2023,CBBC,Royaume-Uni,Spooky Files,1,02,https://www.spin-off.frepisode02-411214-23102023-saison1-Spooky-Files.html
23-10-2023,CBBC,Royaume-Uni,Spooky Files,1,03,https://www.spin-off.frepisode03-411215-23102023-saison1-Spooky-Files.html
23-10-2023,CBBC,Royaume-Uni,Spooky Files,1,04,https://www.spin-off.frepisode04-411216-23102023-saison1-Spooky-Files.html
23-10-2023,CBBC,Etats-Unis,Spooky Files,1,05,https://www.spin-off.frepisode05-411217-23102023-saison1-Spooky-Files.html
23-10-2023,NBC,Etats-Unis,The Irrational,1,05,https://www.spin-off.frepisode05-409864-23102023-saison1-The-Irrational.html
24-10-2023,NBC,Etats-Unis,Found,1,04,https://www.spin-off.frepisode04-409895-24102023-saison1-Found.html
24-10-2023,BET,Etats-Unis,The Oval,5,02,https://www.spin-off.frepisode02-411123-24102023-saison5-The-Oval.html
25-10-2023,Netflix,Etats-Unis,Absolutni debiutanci,1,01,https://www.spin-off.frepisode01-410956-25102023-saison1-Absolutni-debiutanci.html
25-10-2023,FX,Canada,American Horror Story,12,06,https://www.spin-off.frepisode06-410999-25102023-saison12-American-Horror-Story.html
25-10-2023,CTV,Etats-Unis,Children Ruin Everything,3,05,https://www.spin-off.frepisode05-411345-25102023-saison3-Children-Ruin-Everything.html
25-10-2023,Syfy,Etats-Unis,Chucky,3,04,https://www.spin-off.frepisode04-409117-25102023-saison3-Chucky.html
25-10-2023,AMC,Canada,Cooper's Bar,2,04,https://www.spin-off.frepisode04-411064-25102023-saison2-Cooper-s-Bar.html
25-10-2023,Citytv,Etats-Unis,Hudson & Rex,6,04,https://www.spin-off.frepisode04-411098-25102023-saison6-Hudson--Rex.html
25-10-2023,Disney+,Etats-Unis,I Leoni di Sicilia,1,01,https://www.spin-off.frepisode01-411334-25102023-saison1-I-Leoni-di-Sicilia.html
25-10-2023,Disney+,Etats-Unis,I Leoni di Sicilia,1,02,https://www.spin-off.frepisode02-411335-25102023-saison1-I-Leoni-di-Sicilia.html
25-10-2023,Disney+,Etats-Unis,I Leoni di Sicilia,1,03,https://www.spin-off.frepisode03-411336-25102023-saison1-I-Leoni-di-Sicilia.html
25-10-2023,Disney+,Etats-Unis,I Leoni di Sicilia,1,04,https://www.spin-off.frepisode04-411337-25102023-saison1-I-Leoni-di-Sicilia.html
25-10-2023,Apple TV+,Etats-Unis,Invasion (2021),2,10,https://www.spin-off.frepisode10-407974-25102023-saison2-Invasion-(2021).html
25-10-2023,NBC,Etats-Unis,Magnum P.I. (2018),5,14,https://www.spin-off.frepisode14-410786-25102023-saison5-Magnum-PI-(2018).html
25-10-2023,NBC,Canada,Quantum Leap (2022),2,04,https://www.spin-off.frepisode04-410254-25102023-saison2-Quantum-Leap-(2022).html
25-10-2023,Global,Etats-Unis,Robyn Hood,1,05,https://www.spin-off.frepisode05-411016-25102023-saison1-Robyn-Hood.html
25-10-2023,BET,Etats-Unis,Sistas,6,13,https://www.spin-off.frepisode13-411158-25102023-saison6-Sistas.html
25-10-2023,Syfy,Etats-Unis,SurrealEstate,2,04,https://www.spin-off.frepisode04-410886-25102023-saison2-SurrealEstate.html
25-10-2023,Apple TV+,Etats-Unis,The Morning Show,3,08,https://www.spin-off.frepisode08-407703-25102023-saison3-The-Morning-Show.html
25-10-2023,Disney+,Etats-Unis,The Worst of Evil,1,10,https://www.spin-off.frepisode10-410772-25102023-saison1-The-Worst-of-Evil.html
25-10-2023,Disney+,Etats-Unis,The Worst of Evil,1,11,https://www.spin-off.frepisode11-410773-25102023-saison1-The-Worst-of-Evil.html
25-10-2023,Disney+,Etats-Unis,The Worst of Evil,1,12,https://www.spin-off.frepisode12-410774-25102023-saison1-The-Worst-of-Evil.html
25-10-2023,Nickelodeon,Royaume-Uni,Young Dylan,4,08,https://www.spin-off.frepisode08-410988-25102023-saison4-Young-Dylan.html
26-10-2023,Channel 5,Etats-Unis,All Creatures Great and Small (2020),4,04,https://www.spin-off.frepisode04-410984-26102023-saison4-All-Creatures-Great-and-Small-(2020).html
26-10-2023,FX,Etats-Unis,American Horror Stories,3,01,https://www.spin-off.frepisode01-409055-26102023-saison3-American-Horror-Stories.html
26-10-2023,FX,Etats-Unis,American Horror Stories,3,02,https://www.spin-off.frepisode02-411055-26102023-saison3-American-Horror-Stories.html
26-10-2023,FX,Etats-Unis,American Horror Stories,3,03,https://www.spin-off.frepisode03-411056-26102023-saison3-American-Horror-Stories.html
26-10-2023,FX,Etats-Unis,American Horror Stories,3,04,https://www.spin-off.frepisode04-411057-26102023-saison3-American-Horror-Stories.html
26-10-2023,ALLBLK,Etats-Unis,À La Carte,2,07,https://www.spin-off.frepisode07-410520-26102023-saison2-A-La-Carte.html
26-10-2023,HBO Max,Etats-Unis,Doom Patrol,4,10,https://www.spin-off.frepisode10-410007-26102023-saison4-Doom-Patrol.html
26-10-2023,Paramount+,Espagne,Frasier (2023),1,04,https://www.spin-off.frepisode04-409726-26102023-saison1-Frasier-(2023).html
26-10-2023,Moviestar+,Etats-Unis,La Mesias,1,04,https://www.spin-off.frepisode04-410546-26102023-saison1-La-Mesias.html
26-10-2023,Disney+,France,Loki,2,04,https://www.spin-off.frepisode04-410904-26102023-saison2-Loki.html
26-10-2023,OCS,France,LT-21,1,05,https://www.spin-off.frepisode05-408966-26102023-saison1-LT-21.html
26-10-2023,OCS,Etats-Unis,LT-21,1,06,https://www.spin-off.frepisode06-408967-26102023-saison1-LT-21.html
26-10-2023,HBO Max,Etats-Unis,Our Flag Means Death,2,08,https://www.spin-off.frepisode08-409669-26102023-saison2-Our-Flag-Means-Death.html
26-10-2023,Netflix,Etats-Unis,Pluto,1,01,https://www.spin-off.frepisode01-406634-26102023-saison1-Pluto.html
26-10-2023,Paramount+,Etats-Unis,Star Trek: Lower Decks,4,09,https://www.spin-off.frepisode09-409763-26102023-saison4-Star-Trek-Lower-Decks.html
26-10-2023,SundanceTV,Etats-Unis,The Vanishing Triangle,1,01,https://www.spin-off.frepisode01-410193-26102023-saison1-The-Vanishing-Triangle.html
26-10-2023,SundanceTV,Etats-Unis,The Vanishing Triangle,1,02,https://www.spin-off.frepisode02-410194-26102023-saison1-The-Vanishing-Triangle.html
27-10-2023,Showtime,Etats-Unis,Billions,7,12,https://www.spin-off.frepisode12-409777-27102023-saison7-Billions.html
27-10-2023,Amazon Freevee,Etats-Unis,Bosch: Legacy,2,05,https://www.spin-off.frepisode05-409711-27102023-saison2-Bosch-Legacy.html
27-10-2023,Amazon Freevee,Etats-Unis,Bosch: Legacy,2,06,https://www.spin-off.frepisode06-409712-27102023-saison2-Bosch-Legacy.html
27-10-2023,Showtime,Etats-Unis,Fellow Travelers 1,1,01,https://www.spin-off.frepisode01-409066-27102023-saison1-Fellow-Travelers-1.html
27-10-2023,Prime Video,Etats-Unis,Gen V,1,07,https://www.spin-off.frepisode07-408431-27102023-saison1-Gen-V.html
27-10-2023,Disney+,Etats-Unis,Goosebumps (2023),1,07,https://www.spin-off.frepisode07-409984-27102023-saison1-Goosebumps-(2023).html
27-10-2023,Apple TV+,Etats-Unis,Lessons In Chemistry,1,04,https://www.spin-off.frepisode04-406600-27102023-saison1-Lessons-In-Chemistry.html
27-10-2023,Prime Video,Etats-Unis,Memento Mori,1,01,https://www.spin-off.frepisode01-410947-27102023-saison1-Memento-Mori.html
27-10-2023,Starz,Etats-Unis,Power Book IV: Force,2,09,https://www.spin-off.frepisode09-411346-27102023-saison2-Power-Book-IV-Force.html
27-10-2023,Starz,Allemagne,Shining Vale,2,03,https://www.spin-off.frepisode03-411124-27102023-saison2-Shining-Vale.html
27-10-2023,ZDF,Etats-Unis,SOKO Leipzig,24,10,https://www.spin-off.frepisode10-410564-27102023-saison24-SOKO-Leipzig.html
27-10-2023,Apple TV+,Royaume-Uni,Still Up,1,08,https://www.spin-off.frepisode08-408949-27102023-saison1-Still-Up.html
27-10-2023,Channel 5,Etats-Unis,The Good Ship Murder,1,03,https://www.spin-off.frepisode03-410954-27102023-saison1-The-Good-Ship-Murder.html
27-10-2023,Netflix,Etats-Unis,Tore,1,01,https://www.spin-off.frepisode01-410156-27102023-saison1-Tore.html
27-10-2023,Netflix,Etats-Unis,Tore,1,02,https://www.spin-off.frepisode02-410157-27102023-saison1-Tore.html
27-10-2023,Netflix,Etats-Unis,Tore,1,03,https://www.spin-off.frepisode03-410158-27102023-saison1-Tore.html
27-10-2023,Netflix,Etats-Unis,Tore,1,04,https://www.spin-off.frepisode04-410159-27102023-saison1-Tore.html
27-10-2023,Netflix,Etats-Unis,Tore,1,05,https://www.spin-off.frepisode05-410160-27102023-saison1-Tore.html
27-10-2023,Netflix,Canada,Tore,1,06,https://www.spin-off.frepisode06-410161-27102023-saison1-Tore.html
27-10-2023,CTV,Etats-Unis,Transplant,4,04,https://www.spin-off.frepisode04-409840-27102023-saison4-Transplant.html
27-10-2023,Prime Video,Etats-Unis,Upload,3,03,https://www.spin-off.frepisode03-410012-27102023-saison3-Upload.html
27-10-2023,Prime Video,Etats-Unis,Upload,3,04,https://www.spin-off.frepisode04-410013-27102023-saison3-Upload.html
28-10-2023,OWN,Belgique,All Rise,3,17,https://www.spin-off.frepisode17-410331-28102023-saison3-All-Rise.html
28-10-2023,Één,Etats-Unis,Boomer,1,09,https://www.spin-off.frepisode09-409830-28102023-saison1-Boomer.html
29-10-2023,Epix,Etats-Unis,Billy the Kid,2,03,https://www.spin-off.frepisode03-409589-29102023-saison2-Billy-the-Kid.html
29-10-2023,Fox,Espagne,Bob's Burgers,14,04,https://www.spin-off.frepisode04-410887-29102023-saison14-Bob-s-Burgers.html
29-10-2023,ATRESplayer,Etats-Unis,Entre Tierras,1,08,https://www.spin-off.frepisode08-410974-29102023-saison1-Entre-Tierras.html
29-10-2023,AMC,Canada,Fear the Walking Dead,8,08,https://www.spin-off.frepisode08-408755-29102023-saison8-Fear-the-Walking-Dead.html
29-10-2023,CBC,Etats-Unis,Heartland (CA),17,05,https://www.spin-off.frepisode05-411244-29102023-saison17-Heartland-(CA).html
29-10-2023,Fox,France,Krapopolis,1,06,https://www.spin-off.frepisode06-410700-29102023-saison1-Krapopolis.html
29-10-2023,TMC,Etats-Unis,Les Mystères de l'amour,33,12,https://www.spin-off.frepisode12-411100-29102023-saison33-Les-Mysteres-de-l-amour.html
29-10-2023,Adult Swim,Canada,Rick and Morty,7,03,https://www.spin-off.frepisode03-411159-29102023-saison7-Rick-and-Morty.html
29-10-2023,CBC Gem,Etats-Unis,SkyMed,2,05,https://www.spin-off.frepisode05-411280-29102023-saison2-SkyMed.html
29-10-2023,HBO,Etats-Unis,The Gilded Age,2,01,https://www.spin-off.frepisode01-409717-29102023-saison2-The-Gilded-Age.html
29-10-2023,Fox,Royaume-Uni,The Simpsons,35,04,https://www.spin-off.frepisode04-410985-29102023-saison35-The-Simpsons.html
29-10-2023,ITVX,Canada,The Winter King,1,09,https://www.spin-off.frepisode09-409135-29102023-saison1-The-Winter-King.html
30-10-2023,The Comedy Network,Etats-Unis,Acting Good,2,03,https://www.spin-off.frepisode03-411295-30102023-saison2-Acting-Good.html
30-10-2023,TBS (US),Etats-Unis,American Dad!,19,15,https://www.spin-off.frepisode15-411032-30102023-saison19-American-Dad.html
30-10-2023,Acorn TV,Canada,Harry Wild,2,05,https://www.spin-off.frepisode05-410203-30102023-saison2-Harry-Wild.html
30-10-2023,Citytv,Allemagne,Murdoch Mysteries,17,05,https://www.spin-off.frepisode05-411017-30102023-saison17-Murdoch-Mysteries.html
30-10-2023,ZDF,Etats-Unis,SOKO Potsdam,6,06,https://www.spin-off.frepisode06-410911-30102023-saison6-SOKO-Potsdam.html
30-10-2023,NBC,Etats-Unis,The Irrational,1,06,https://www.spin-off.frepisode06-409865-30102023-saison1-The-Irrational.html
31-10-2023,NBC,Etats-Unis,Found,1,05,https://www.spin-off.frepisode05-409896-31102023-saison1-Found.html
31-10-2023,BET,When Calls the Heart,The Oval,5,03,https://www.spin-off.frepisode03-411296-31102023-saison5-The-Oval.html
